url,name,address,city,state,phone
http://www.peakauditing.com/,"Peak Audit & Accounting, CPA","îƒˆ10770 Business 21, Hillsboro, MO 63050",Hillsboro,MO,î‚°(314) 698-7472
http://amazingacctsvcs.com/,Amazing Accounting Services LLC,"îƒˆ6004 State Rd B, Hillsboro, MO 63050",Hillsboro,MO,î‚°(636) 428-0905
http://www.langtax.com/,Lang & Lang CPAs LLC,"îƒˆ8199 Obrien Dr, Cedar Hill, MO 63016",Cedar Hill,MO,î‚°(314) 845-0448
https://jeffladdbookkeeping.godaddysites.com/,Jeff Ladd Bookkeeping | Bookkeeper in Hillsboro MO,"îƒˆ4365 Oak Ridge Ct, Hillsboro, MO 63050",Hillsboro,MO,î‚°(314) 451-1238
https://office.jacksonhewitt.com/tax-preparation-services-locations/en/mo/hillsboro/10718-mo-21-bus/15537?utm_source=google&utm_medium=local&utm_campaign=local&utm_content=15537,Jackson Hewitt Tax Service,"îƒˆ10718 MO-21 Bus, Hillsboro, MO 63050",Hillsboro,MO,î‚°(636) 789-3828
https://www.pattoncopc.com/,Results,"îƒˆ240 Springfield Rd, Hillsboro, IL 62049",Hillsboro,IL,î‚°(217) 532-3825
https://agblawfirm.com/,Results,"îƒˆ284 Main St, Hillsboro, MO 63050",Hillsboro,MO,î‚°(636) 797-3388
https://www.jeffcomo.org/157/Assessor,Results,"îƒˆ729 Maple St, Hillsboro, MO 63050",Hillsboro,MO,î‚°(636) 797-5466
https://ratermancpa.com/,Results,"îƒˆ283 W Veterans Memorial Pkwy, Warrenton, MO 63383",Warrenton,MO,î‚°(636) 456-0622
http://www.davidcrosbylawoffice.com/,Results,"îƒˆ255 Main St, Hillsboro, MO 63050",Hillsboro,MO,î‚°(636) 797-2266
https://www.buckleyaccounting.com/?y_source=1_OTg2MzIwMzEtNzE1LWxvY2F0aW9uLndlYnNpdGU%3D,Results,"îƒˆ518 N Main St, Ironton, MO 63650",Ironton,MO,î‚°(573) 546-3104
http://www.springvalleyaccounting.com/,Results,"îƒˆ175 Sitton Branch Rd, Silex, MO 63377",Silex,MO,î‚°(573) 384-5088
https://www.bobkellercpa.com/,Results,"îƒˆ6125 NE Cornell Rd #220, Hillsboro, OR 97124",Hillsboro,OR,î‚°(503) 648-6697
http://www.eliteaccountingteam.com/,Results,"îƒˆ125 S 1st Ave, Hillsboro, OR 97123",Hillsboro,OR,î‚°(503) 848-9809
https://aboveallaccounting.com/,Results,"îƒˆ3355 NE Cornell Rd #2, Hillsboro, OR 97124",Hillsboro,OR,î‚°(503) 648-6184
http://taxteam1040.com/,Results,"îƒˆ3023 N St Peters Pkwy, St Peters, MO 63376",St Peters,MO,î‚°(636) 928-1040
http://www.delozieraccounting.com/,Results,"îƒˆ240 SE 2nd Ave, Hillsboro, OR 97123",Hillsboro,OR,î‚°(503) 648-2912
http://munoz.tax/,Results,,Hillsboro,MO,î‚°(971) 345-8240
http://www.jrcpa.com/,Results,"îƒˆ6723 NE Bennett St #220, Hillsboro, OR 97124",Hillsboro,OR,î‚°(503) 648-0521
https://amigastaxservice.com/,Results,"îƒˆ323 SE 3rd Ave, Hillsboro, OR 97123",Hillsboro,OR,î‚°(971) 777-0062
http://www.lindenbuschtaxservice.com/,Results,"îƒˆ2121 Pea Ridge Rd, Centertown, MO 65023",Centertown,MO,î‚°(573) 584-3554
http://cornerstonetaxhillsboro.com/,Results,"îƒˆ126 NE 3rd Ave, Hillsboro, OR 97124",Hillsboro,OR,î‚°(503) 648-4880
http://www.taxteam1040.com/,Results,"îƒˆ2434 State Hwy K, O'Fallon, MO 63368",O'Fallon,MO,î‚°(636) 928-1040
https://sergiostaxservices.com/,Results,"îƒˆ3075 SE Century Blvd SUITE 209, Hillsboro, OR 97123",Hillsboro,OR,î‚°(503) 888-2782
